review_id,author,rating,date,theme,sentiment,key_insight,feature_mentions,is_churn_risk,error
0,Arborist Disappointed,1.0,2026-02-02T15:08:38-07:00,support,very_negative,The user experienced account deactivation without explanation and poor customer support.,[],True,
1,So√±√© zoe,5.0,2026-02-02T05:59:45-07:00,other,very_positive,The reviewer is extremely satisfied with the service.,[],False,
2,Bluechz,5.0,2026-02-01T21:33:44-07:00,ease-of-use,very_positive,The user finds Square very easy to use and reliable.,[],False,
3,The Gallery by Restoration,5.0,2026-02-01T18:57:30-07:00,other,very_positive,The reviewer is excited about starting their new business with Square.,[],False,
4,Jaebarnesbeautybar,5.0,2026-01-31T17:24:52-07:00,features,positive,The user appreciates the ease of payment processing but desires a feature for taking deposits on appointments.,[],False,
5,Da Pittsburgh Kid,5.0,2026-01-31T15:11:56-07:00,ease-of-use,very_positive,The app effectively simplifies sales and invoicing for business owners.,[],False,
6,Hibunk,5.0,2026-01-31T11:01:42-07:00,compliance,positive,The reviewer appreciates the compliance of Square with direct selling regulations while using their SSN.,[],False,
7,lpbobsledder,1.0,2026-01-30T10:00:14-07:00,support,very_negative,The user is dissatisfied with the AI and virtual assistant features.,"['Ai', 'VA']",True,
8,Onehipmex,1.0,2026-01-29T21:06:28-07:00,features,very_negative,"The user is frustrated with the inability to send invoices, indicating a recurring issue.",['invoice sending'],True,
9,,,,,,,,,"Error code: 429 - {'error': {'message': 'You exceeded your current quota, please check your plan and billing details. For more information on this error, read the docs: https://platform.openai.com/docs/guides/error-codes/api-errors.', 'type': 'insufficient_quota', 'param': None, 'code': 'insufficient_quota'}}"
10,feras palestine,2.0,2026-01-29T17:19:44-07:00,support,negative,The customer is dissatisfied with the after-sale service.,[],True,
11,Mr. Pro‚Äôlympic,5.0,2026-01-29T15:42:15-07:00,ease-of-use,very_positive,Square provides a convenient solution for businesses that need to accept cashless payments on the go.,[],False,
12,Militaryman16,1.0,2026-01-28T18:32:02-07:00,support,very_negative,"The seller experienced repeated account shutdowns due to alleged fraud, leading to frustration.",[],True,
13,Clima control,5.0,2026-01-28T18:24:25-07:00,support,very_positive,The service is excellent and the program is very professional.,[],False,
14,ExperianSellsCarwarrantyInfo,1.0,2026-01-28T11:37:22-07:00,support,very_negative,The reviewer is dissatisfied with the lack of support for chargebacks.,['chargebacks'],True,
15,JustineCase777,1.0,2026-01-28T08:59:52-07:00,support,very_negative,"The seller experienced account issues and poor customer service, leading to a loss of funds.",[],True,
16,New Galicia Designs,5.0,2026-01-28T06:59:20-07:00,features,very_positive,The free membership offers extensive features that enhance the user's experience.,"['free membership', 'banking']",False,
17,Ola_imashley,1.0,2026-01-27T10:20:48-07:00,pricing,very_negative,The reviewer is frustrated with continuous fee increases and lack of software updates.,"['tap to pay', 'free readers']",True,
18,Shehbeidyjt,5.0,2026-01-27T07:50:20-07:00,ease-of-use,very_positive,The user finds the app to be the best they have ever used.,[],False,
19,Chutecaracas,5.0,2026-01-26T18:56:42-07:00,ease-of-use,very_positive,The seller finds the payment process efficient for their customers.,[],False,
20,DAYAlara,5.0,2026-01-26T17:46:10-07:00,ease-of-use,very_positive,The platform is easy to use and elevates business operations.,[],False,
21,Michele1987R,5.0,2026-01-26T06:30:10-07:00,support,very_positive,The customer values Square's excellent customer service and responsiveness.,"['ease of use', 'reliability', 'features']",False,
22,Mrscpowells,1.0,2026-01-25T05:54:08-07:00,features,very_negative,"The update negatively impacted sales reporting, prompting a consideration to switch to a competitor.",['sales reporting'],True,
23,tempuraloop,5.0,2026-01-25T02:06:34-07:00,other,very_positive,The seller believes this product is unmatched in quality.,[],False,
24,Daily user 18,2.0,2026-01-25T01:17:01-07:00,pricing,negative,The high fees associated with Square detract from its convenience.,[],True,
25,RüëΩüëΩZI,3.0,2026-01-24T14:53:32-07:00,features,neutral,The reviewer suggests adding holiday hours as a feature.,"['holiday hours', 'special hours']",False,
26,Luis/Lily,5.0,2026-01-24T13:20:18-07:00,reliability,very_positive,The Square point of sale app is highly reliable and works well on iPad.,"['app', 'iPad']",False,
27,Top Notch Painting,1.0,2026-01-24T06:14:04-07:00,pricing,very_negative,The reviewer feels wronged after losing a significant amount of money due to a disputed payment.,[],True,
28,Ziba Skin Studio,5.0,2026-01-23T17:20:15-07:00,ease-of-use,very_positive,Square is highly recommended for its ease of use and reasonable fees for small business owners.,"['ease of use', 'reasonable fees']",False,
29,Lana Bar.,5.0,2026-01-23T09:37:14-07:00,features,very_positive,"Square POS has significantly improved the ability to accept card transactions, attracting new customers.","['card transactions', 'in-person transactions', 'phone transactions']",False,
30,,,,,,,,,"Error code: 429 - {'error': {'message': 'Rate limit reached for gpt-4o-mini in organization org-WnUX8FeW9WgXxT90HAYLOqIo on requests per min (RPM): Limit 3, Used 3, Requested 1. Please try again in 20s. Visit https://platform.openai.com/account/rate-limits to learn more. You can increase your rate limit by adding a payment method to your account at https://platform.openai.com/account/billing.', 'type': 'requests', 'param': None, 'code': 'rate_limit_exceeded'}}"
31,Georg2k,1.0,2026-01-22T09:32:29-07:00,support,very_negative,The support team is unhelpful and has caused financial issues for the user.,[],True,
32,5 Star Landscaping,1.0,2026-01-21T23:06:48-07:00,support,very_negative,The customer is frustrated with the lack of resolution and communication regarding a loan they never received.,[],True,
33,Venta de veladoras,5.0,2026-01-20T09:03:48-07:00,other,very_positive,The review highlights a positive experience at the botanical center.,[],False,
34,", Video Production Ôøº",1.0,2026-01-20T06:47:06-07:00,support,very_negative,The seller experienced significant issues due to withheld funds and lack of explanation from Square.,[],True,
35,Bundles6383&,1.0,2026-01-19T15:07:49-07:00,support,very_negative,The customer experienced severe issues with account security and inadequate support from Square.,[],True,
36,MaxCon Software,1.0,2026-01-18T18:02:38-07:00,support,very_negative,Square's excessive security measures and poor customer service create operational chaos for businesses.,"['security measures', 'customer service', 'document requests', 'account review']",True,
37,Zachary l d,1.0,2026-01-18T08:31:50-07:00,support,very_negative,The user feels wronged by the lack of support and explanation for their account ban.,[],True,
38,Deebaby34,5.0,2026-01-17T20:15:32-07:00,other,very_positive,The product exceeded expectations and is transformative.,[],False,
39,MAGNOIMPUNE,5.0,2026-01-17T16:38:34-07:00,other,very_positive,The reviewer highly recommends the app.,[],False,
40,lilmami111,5.0,2026-01-17T07:23:31-07:00,ease-of-use,very_positive,The credit card transaction process is quick and easy.,[],False,
41,rdtonthemove,5.0,2026-01-17T06:09:50-07:00,support,very_positive,Square provides excellent service.,[],False,
42,Taco el Indio #2,5.0,2026-01-16T22:49:32-07:00,other,very_positive,The reviewer expresses extreme satisfaction with the product.,[],False,
43,Rfoxkenny,5.0,2026-01-16T09:54:17-07:00,features,positive,The user is requesting the addition of holiday features to the calendar.,"['holidays', 'calendar']",False,
44,üòäOhleydoittt,1.0,2026-01-15T18:08:06-07:00,other,very_negative,The reviewer is dissatisfied and suggests looking for alternatives.,[],True,
45,TKmawmaw,5.0,2026-01-15T16:09:40-07:00,support,very_positive,Square's support in preventing unauthorized charges is greatly appreciated.,[],False,
46,Patch Lady Co.,5.0,2026-01-15T05:17:56-07:00,support,very_positive,The reviewer appreciates the long-term partnership with Square and its positive impact on their business.,[],False,
47,Ak47339,1.0,2026-01-14T13:11:55-07:00,support,very_negative,The seller feels trapped by the company's account policies and is frustrated with the hold on their funds.,[],True,
48,ggujncdhnkk,5.0,2026-01-14T13:10:50-07:00,other,very_positive,The seller is extremely satisfied with the service provided.,[],False,
49,guuugf,1.0,2026-01-14T11:05:33-07:00,support,very_negative,The customer is extremely dissatisfied with the service provided.,[],True,
50,PBCSF Lisa Lo,5.0,2026-01-14T04:39:39-07:00,pricing,positive,The user loves the program but desires lower rates for non-profits.,[],False,
51,JR in Indiana,5.0,2026-01-13T03:30:11-07:00,other,very_positive,Square has significantly contributed to the growth of the business.,[],False,
52,713cv,5.0,2026-01-12T22:21:14-07:00,pricing,very_positive,The app's fee structure based on sales is preferred over a monthly charge.,[],False,
53,Matt l green,5.0,2026-01-12T13:18:24-07:00,support,very_positive,The reviewer is highly satisfied with the service and recommends it.,[],False,
54,First entry81,4.0,2026-01-11T17:45:09-07:00,features,positive,The user is frustrated with the default name setting when entering names.,['name entry'],False,
55,DesertFoxy,1.0,2026-01-11T12:15:33-07:00,pricing,very_negative,The review expresses frustration over the deletion of data after the free trial ends.,[],True,
56,Serendipity Vikki,5.0,2026-01-09T10:01:10-07:00,reliability,very_positive,The user has had a great experience with Square and plans to continue using the service.,[],False,
57,Itsandre28,1.0,2026-01-09T08:13:14-07:00,support,very_negative,The seller experienced account issues leading to frozen funds and account closure.,[],True,
58,Primkendi,1.0,2026-01-06T20:01:22-07:00,features,very_negative,"The user finds it increasingly difficult to locate end-of-year fee totals, which are not automatically emailed.","['end of the year fees', 'automatic email']",True,
59,Ponciano1223,5.0,2026-01-06T12:15:10-07:00,other,very_positive,The reviewer expresses high satisfaction with the service.,[],False,
60,norain17,1.0,2026-01-06T08:40:51-07:00,support,very_negative,The reviewer expresses frustration with the company's account management and money-holding practices.,[],True,
61,Glenndom,1.0,2026-01-05T04:44:23-07:00,ease-of-use,very_negative,"The user finds the website difficult to navigate, causing frustration in accessing reports.",[],True,
62,cinderellaness,5.0,2026-01-04T21:47:51-07:00,support,very_positive,The customer appreciates the excellent product support.,[],False,
63,Lissycakes,5.0,2026-01-04T11:57:54-07:00,support,very_positive,Square has significantly contributed to the growth and support of my business.,"['business development support', 'loans']",False,
64,Orlando Velez,5.0,2026-01-03T00:55:46-07:00,pricing,very_positive,The seller appreciates the algorithm's effectiveness despite the high convenience fee.,"['algorithm', 'card processing', 'convenience fee']",False,
65,just testing it cuz why not,1.0,2025-12-31T13:32:28-07:00,support,very_negative,The seller experienced a significant issue with payment processing and inadequate customer support.,[],True,
66,tom//$$)(,1.0,2025-12-30T08:29:02-07:00,pricing,very_negative,The reviewer is canceling Square due to high fees and poor invoicing experience.,"['invoicing', 'customer service']",True,
67,randlette,5.0,2025-12-29T08:59:50-07:00,ease-of-use,very_positive,Square's tools significantly simplify operations for sole proprietors.,[],False,
68,simba 1235,5.0,2025-12-29T08:49:00-07:00,support,very_positive,The reviewer appreciates Square's support for small businesses.,[],False,
69,frenki92,1.0,2025-12-28T03:53:17-07:00,other,very_negative,The reviewer finds the app to be extremely poor.,[],True,
70,dwb4832,1.0,2025-12-27T09:15:19-07:00,support,very_negative,"The user experienced repeated failures with customer support after years of use, leading to dissatisfaction.",[],True,
71,a one-time customer,1.0,2025-12-26T16:42:37-07:00,pricing,very_negative,The reviewer is frustrated with the continuously increasing fees that seem to prioritize shareholders over customers.,[],True,
72,Djmorgiemorg,5.0,2025-12-26T15:07:50-07:00,ease-of-use,very_positive,The product significantly aids in organization.,[],False,
73,EFCWATER,5.0,2025-12-25T19:14:54-07:00,ease-of-use,very_positive,The product is easy to use and ideal for small businesses.,['Tap to Pay'],False,
74,Mobile sam,1.0,2025-12-25T11:08:47-07:00,support,very_negative,The customer feels deceived and dissatisfied with the service and fund protection.,[],True,
75,zxdeck,1.0,2025-12-23T14:28:33-07:00,pricing,very_negative,The seller feels that the transaction fees are excessively high.,[],True,
76,Yarita98,5.0,2025-12-23T07:58:36-07:00,ease-of-use,very_positive,The app is highly regarded for its effectiveness in handling payments.,[],False,
77,nbalfaro,5.0,2025-12-22T22:25:25-07:00,ease-of-use,very_positive,The product is user-friendly and competitively priced.,[],False,
78,_IM_THE_BOSS,5.0,2025-12-22T21:44:01-07:00,other,very_positive,The reviewer highly recommends the product for small businesses.,[],False,
79,\o/ swim,1.0,2025-12-22T16:52:23-07:00,support,very_negative,Square's lack of transparency and support can severely impact small businesses.,[],True,
80,Work 112,1.0,2025-12-22T13:14:53-07:00,ease-of-use,very_negative,The user is frustrated with the setup process and the lack of necessary features.,['Nick name'],True,
81,Splitbowman,2.0,2025-12-21T17:51:39-07:00,features,negative,The software needs to be updated to remain compatible with iOS updates.,[],True,
82,Tboothe28,1.0,2025-12-21T16:15:18-07:00,support,very_negative,The user is frustrated with the lack of push notifications for online orders despite correct settings.,"['push notifications', 'end of the day email']",True,
83,beams55,5.0,2025-12-20T11:15:22-07:00,features,positive,The user appreciates the improvements in Square over 15 years and prefers it over other retail solutions.,[],False,
84,girl14324,5.0,2025-12-19T22:23:18-07:00,ease-of-use,very_positive,The user finds Square very easy to use and convenient.,[],False,
85,Bbwwsaudi,5.0,2025-12-19T20:46:59-07:00,other,very_positive,The seller is extremely satisfied with the service.,[],False,
86,army vet 89,1.0,2025-12-19T15:31:17-07:00,support,very_negative,"The user experienced account flagging and fund withholding, leading to a strong negative opinion of Square.",[],True,
87,Black Cadi,5.0,2025-12-19T13:59:23-07:00,support,very_positive,The seller expresses high satisfaction with the professionalism of the system.,[],False,
88,Masterwuyang864,1.0,2025-12-18T21:59:49-07:00,support,very_negative,The seller feels that Square unjustly held their funds and provided inadequate support for their business.,[],True,
89,ingrown-remove,5.0,2025-12-18T20:36:50-07:00,ease-of-use,very_positive,The Square app is clear and easy to use.,[],False,
90,Rodofito,5.0,2025-12-18T14:30:08-07:00,ease-of-use,very_positive,The user is satisfied with the product and has just started using it.,[],False,
91,vladizhuko,1.0,2025-12-18T13:17:44-07:00,features,very_negative,The user is frustrated with the removal of the daily order total feature.,"['daily breakout', 'order total']",True,
92,dawud zayd,5.0,2025-12-18T06:37:33-07:00,ease-of-use,very_positive,The product is highly effective for mobile use.,['mobile'],False,
93,losrox,5.0,2025-12-17T15:46:01-07:00,pricing,positive,"The ability to accept credit card payments is appreciated, but the seller feels the fees are unfair.",['credit card payments'],False,
94,Di_Na_,5.0,2025-12-16T19:29:02-07:00,ease-of-use,very_positive,The app is easy to use for both professional and beginner users.,[],False,
95,Jack of Peace,5.0,2025-12-16T18:11:00-07:00,other,very_positive,The user finds the program to be excellent.,[],False,
96,vms-elpaso,5.0,2025-12-16T08:40:47-07:00,ease-of-use,very_positive,Square is a reliable and easy-to-use solution for businesses.,[],False,
97,robinnicky,5.0,2025-12-15T06:44:34-07:00,ease-of-use,very_positive,The reviewer finds Square easy to use for processing payments.,"['credit card payments in person', 'credit card payments online']",False,
98,Readynow10,5.0,2025-12-14T05:34:20-07:00,features,very_positive,The reviewer is very satisfied with Square's features and ease of use for their business.,['daily transactions'],False,
99,#YogiAngi,5.0,2025-12-13T20:58:03-07:00,ease-of-use,very_positive,The user finds the product easy to use and appreciates the instant access.,[],False,
100,Thechillgirl,5.0,2025-12-13T16:09:17-07:00,ease-of-use,very_positive,"The app is highly effective for small businesses, though performance can vary without WiFi.",[],False,
101,Lanlingdao11,1.0,2025-12-13T12:42:59-07:00,reliability,very_negative,"The app is malfunctioning after an iOS update, causing significant frustration.","['contactless reader', 'tap to pay', 'magstips']",True,
102,Circle man69,3.0,2025-12-13T08:12:47-07:00,other,neutral,The user finds the service to be average.,[],False,
103,Neury_jcs,5.0,2025-12-13T04:08:20-07:00,other,very_positive,The reviewer expresses strong satisfaction with the service.,[],False,
104,menga1990,1.0,2025-12-13T00:06:14-07:00,support,very_negative,The user is frustrated with their account being frozen without explanation.,[],True,
105,NatalieLA2022,1.0,2025-12-12T16:47:51-07:00,support,very_negative,The customer is extremely frustrated with the poor quality of Square's customer support.,[],True,
106,officially rico,1.0,2025-12-12T16:30:19-07:00,pricing,very_negative,"The app holds funds and charges excessive transfer fees, leading to frustration.",[],True,
107,lalcalae,5.0,2025-12-12T08:34:11-07:00,ease-of-use,very_positive,The reviewer finds Square to be an extremely easy system for starting their own business.,[],False,
108,Muito obrigado 2025,5.0,2025-12-11T19:56:26-07:00,other,very_positive,The reviewer finds the product to be wonderful.,[],False,
109,Meticulous Sod,5.0,2025-12-11T04:59:12-07:00,ease-of-use,very_positive,The user appreciates the setup of Square and its positive impact on their business.,[],False,
110,Amsters#1,4.0,2025-12-10T20:32:33-07:00,pricing,positive,The user appreciates the POS system but finds the fees to be high.,[],False,
111,The SaK1,5.0,2025-12-10T19:29:33-07:00,other,very_positive,The seller is extremely satisfied with the service.,[],False,
112,GottaWinOneTime,3.0,2025-12-10T10:52:03-07:00,reliability,neutral,"The software is reliable most of the time, but past issues with lost funds affect the overall satisfaction.","['alternative during downtime', '99% uptime']",True,
113,john berouty,5.0,2025-12-09T16:24:17-07:00,ease-of-use,very_positive,The Square service has significantly simplified the management of the small business.,[],False,
114,Harvie kay,5.0,2025-12-09T12:20:29-07:00,reliability,very_positive,The user has had a consistently positive experience with Square for over a year.,[],False,
115,LPnola,1.0,2025-12-08T08:01:53-07:00,support,very_negative,The seller is dissatisfied with Square's handling of transaction disputes.,[],True,
116,RAMPHDHOD,4.0,2025-12-07T13:36:08-07:00,ease-of-use,positive,The app update improved functionality but has some usability challenges.,"['iPhone taps', 'money transfer']",False,
117,musicartis,5.0,2025-12-07T09:42:27-07:00,ease-of-use,very_positive,Square has significantly simplified the checkout process for small business owners.,"['checkouts', 'transactions', 'full store access']",False,
118,Jennifer Gunderson,5.0,2025-12-06T11:18:46-07:00,reliability,very_positive,The POS tool is versatile and dependable for various payment methods.,['variety of payments'],False,
119,Serrano‚Äôs Auto Tint,5.0,2025-12-05T17:05:18-07:00,other,very_positive,The user has been a loyal customer for over 15 years and loves the product.,[],False,
120,Azizullah mehraban,1.0,2025-12-05T16:11:29-07:00,pricing,very_negative,The user finds the service to be too expensive.,[],True,
121,babihkbhbb,1.0,2025-12-04T14:58:45-07:00,support,very_negative,"The customer experienced significant issues with account deactivation and fund release, leading to frustration.",[],True,
122,Mizsmk,3.0,2025-12-04T11:34:13-07:00,ease-of-use,neutral,The platform lacks user-friendliness and essential security features.,"['locking employees out of reports', 'security features']",True,
123,Alerttone,5.0,2025-12-04T09:47:26-07:00,ease-of-use,very_positive,The reviewer finds this POS system superior to others they have tried.,[],False,
124,Joe brown$,1.0,2025-12-04T09:42:41-07:00,support,very_negative,The user is frustrated with the lack of support and explanation regarding their account activation.,[],True,
125,Tragictruth,5.0,2025-12-04T08:35:35-07:00,other,very_positive,The reviewer has had a positive experience using Square for their food truck business over five years.,[],False,
126,tson23,1.0,2025-12-04T02:46:12-07:00,support,very_negative,The customer experienced account deactivation without warning and poor customer service follow-up.,"['bitcoin eligibility', 'merchant service']",True,
127,Makies-X,1.0,2025-12-04T00:56:37-07:00,support,very_negative,"The app's support led to account deactivation, causing financial loss.","['deposits', 'payments']",True,
128,Nelvisf,5.0,2025-12-03T07:56:49-07:00,other,very_positive,The product functions well.,[],False,
129,andryblue,1.0,2025-12-03T07:36:18-07:00,pricing,very_negative,The seller is frustrated with the multiple fees charged by Square for transferring money.,"['1.75% transfer fee', 'transaction fees']",True,
130,srose333333,3.0,2025-12-02T20:46:21-07:00,ease-of-use,neutral,"The user finds it frustrating that they cannot easily change their preferred name, phone number, or email address on Square.","['preferred name', 'phone number', 'email address']",True,
131,Doctor_HooLock,1.0,2025-12-02T20:39:29-07:00,support,very_negative,"The app crashes during identity verification, and there is no helpful support provided.","['identity verification', 'troubleshooting article']",True,
132,MitoLLC,1.0,2025-12-02T06:21:10-07:00,support,very_negative,"The app blocks funds for an extended period, causing frustration and distrust.",[],True,
133,BMCDes,5.0,2025-12-02T02:08:25-07:00,other,very_positive,The loans provided by Square are timely and hassle-free in terms of repayment.,[],False,
134,OneLovePitty,1.0,2025-12-01T07:35:25-07:00,support,very_negative,The customer expresses extreme dissatisfaction with the support provided by the company.,[],True,
135,Tell everybody4848,1.0,2025-11-30T19:35:20-07:00,support,very_negative,"The app locks users' cards and delays access to funds, causing frustration.",[],True,
136,GGJJHUKKK,2.0,2025-11-29T20:37:55-07:00,ease-of-use,negative,Frequent updates are making the product harder to use.,[],True,
137,CatScratch1020,5.0,2025-11-29T17:50:17-07:00,ease-of-use,very_positive,The integration of Point of Sale with website inventory management significantly simplifies stock tracking.,"['Point of Sale', 'inventory management', 'cash option']",False,
138,sewereye,1.0,2025-11-29T07:50:42-07:00,support,very_negative,The reviewer feels that Square does not support individual entrepreneurs and has caused significant financial loss.,"['card transactions', 'chip and manual inputs', 'dispute process']",True,
139,Nathaniel Sharp,1.0,2025-11-28T14:11:18-07:00,support,very_negative,The customer is frustrated with Square's inadequate support and feels their time and money are not respected.,[],True,
140,Lucky Clov3rs,5.0,2025-11-28T05:03:51-07:00,ease-of-use,very_positive,"The user finds Square safe and easy to use, making it their preferred service.",[],False,
141,ryukyufox1983,1.0,2025-11-26T19:25:05-07:00,support,very_negative,The user is frustrated with Square's handling of their payout and feels unsupported.,[],True,
142,Square hold,1.0,2025-11-26T09:26:58-07:00,support,very_negative,The customer is frustrated with Square's support and is considering switching to Clover due to unresolved payment issues.,[],True,
143,Ameli-24,1.0,2025-11-25T19:10:26-07:00,ease-of-use,very_negative,The new update complicates the user experience by adding unnecessary steps.,"['storefront update', 'search functionality', 'tickets feature']",True,
144,deannlm,3.0,2025-11-25T08:15:46-07:00,features,neutral,The seller wishes for automatic posting of customer reviews on their website and finds the manual entry fee high.,"['automatic posting of customer reviews', 'manual entry fee']",False,
145,As hole square,1.0,2025-11-24T20:33:39-07:00,support,very_negative,The user is frustrated with the app holding transactions for an extended period without justification.,['hold transactions'],True,
146,KaM-,1.0,2025-11-24T19:38:16-07:00,support,very_negative,"The technical support and banking functionality are severely lacking, leading to a significant business loss.","['automatic transfers', 'ACH process', 'removing old bank information']",True,
147,"Mr. White ‚Äî Macon, Ga",4.0,2025-11-24T13:19:53-07:00,pricing,positive,The user is mostly satisfied with Square's services but is frustrated by the high fees.,"['Square scheduling', 'instant funds', 'instant transfers']",True,
148,liatard72,2.0,2025-11-24T10:18:43-07:00,features,negative,The booking link appears unprofessional and there is a persistent pop-up issue in the app.,"['booking link', 'Square website', 'calendar pop-up']",True,
149,horrible emails,1.0,2025-11-23T16:23:10-07:00,features,very_negative,The reviewer is frustrated that Square is holding their money instead of transferring it automatically to their bank.,['automatic transfer'],True,
150,sammykins16,1.0,2025-11-23T15:39:20-07:00,reliability,very_negative,The seller is frustrated with the app being in offline mode despite having a good internet connection.,[],True,
151,rdgz10,4.0,2025-11-23T10:10:59-07:00,support,positive,"The system is fast and easy to use, with excellent customer service, but there are suggestions for improvement in features and pricing for long-term customers.","['tag system', 'fees']",True,
152,BarkNStyle,5.0,2025-11-22T18:46:48-07:00,support,very_positive,The customer service is exceptional and the system operates without issues.,[],False,
153,hewnbabi,1.0,2025-11-22T08:08:19-07:00,features,very_negative,"The latest update has rendered SKU numbers non-functional at checkout, hindering sales.",['SKU #s'],True,
154,kesiCortez,5.0,2025-11-21T23:01:49-07:00,ease-of-use,very_positive,The user finds Square very easy and simple to use.,[],False,
155,1924Ctzn,5.0,2025-11-21T14:10:02-07:00,ease-of-use,very_positive,"The seller finds the product easy and quick to use, particularly appreciating the quick checkout process.",['quick checkout'],False,
156,oksagrid,1.0,2025-11-21T09:27:29-07:00,pricing,very_negative,The reviewer feels that Square's increasing fees and subscription model exploit small businesses.,[],True,
157,Hair.com,5.0,2025-11-21T03:45:23-07:00,ease-of-use,very_positive,The seller finds the service easy and helpful.,[],False,
158,MahkylahT,5.0,2025-11-21T01:50:25-07:00,ease-of-use,very_positive,The user loves the app for its ease of use but desires more color options.,[],False,
159,Mr No Streaks,5.0,2025-11-20T20:21:36-07:00,support,very_positive,The customer appreciates the service provided.,[],False,
160,Chrisep3,1.0,2025-11-20T05:18:28-07:00,reliability,very_negative,The app's reliability issues are driving the reviewer towards cash-only transactions.,"['updates', 'payment notifications']",True,
161,SG_417,1.0,2025-11-19T18:44:23-07:00,support,very_negative,The user is frustrated with persistent issues related to the latest iOS update affecting app functionality.,"['Tap to Pay', 'iOS update']",True,
162,Great for Aye,5.0,2025-11-19T09:53:48-07:00,other,very_positive,The reviewer is extremely satisfied with the product.,[],False,
163,Caseyjowers,1.0,2025-11-19T09:53:31-07:00,support,very_negative,"The customer service response time is inadequate, causing significant delays in business operations.",[],True,
164,Spice4202,1.0,2025-11-18T20:12:34-07:00,pricing,very_negative,The seller is dissatisfied with high transaction fees and lack of transparency.,"['transaction fees', 'deposit time', 'transaction transparency']",True,
165,Rumba no.5,5.0,2025-11-18T05:00:52-07:00,other,very_positive,Square has significantly benefited the company's operations.,[],False,
166,KonoSaci,1.0,2025-11-17T09:11:45-07:00,support,very_negative,The user experienced account suspension and poor customer service on their first day.,[],True,
167,CDYT1D,1.0,2025-11-16T19:37:06-07:00,support,very_negative,The reviewer claims that Square does not support sellers in chargeback disputes and imposes excessive fees.,[],True,
168,queenandkingdee,5.0,2025-11-16T18:48:55-07:00,other,very_positive,The user has had a long-term positive experience with the product.,[],False,
169,Luch,4.0,2025-11-16T14:53:27-07:00,other,positive,The user appreciates Square's functionality but is frustrated by the frequency of updates that seem to have no significant changes.,[],False,
170,Jonny Klippers,5.0,2025-11-16T11:03:18-07:00,ease-of-use,very_positive,The app is highly regarded for its user-friendly interface.,[],False,
171,Discobiscuit1,1.0,2025-11-16T07:37:29-07:00,support,very_negative,"The company frequently holds funds, leading to frustration and a perception of being a scam.",[],True,
172,ACCOUNT DEACTIVATION,1.0,2025-11-16T02:06:01-07:00,support,very_negative,"The user is frustrated with the repeated deactivation of their account after approval, indicating a lack of effective support.","['identity verification', 'facial scan', 'account setup', 'payment processing']",True,
173,WATER-MEH-LONE,1.0,2025-11-15T08:32:46-07:00,ease-of-use,very_negative,"Recent updates have made the Square app more difficult to use, impacting the checkout process.","['extra pop-ups', 'button pushes']",True,
174,Midgriffith,5.0,2025-11-15T08:15:24-07:00,ease-of-use,very_positive,"The reviewer has had a consistently positive experience with Square over 14 years, highlighting its ease of use and efficiency.",[],False,
175,Whydoyouneedmynamecreep,1.0,2025-11-14T18:04:06-07:00,features,very_negative,"The company is removing free features and charging for them, prompting the reviewer to leave.",[],True,
176,pepeonv,1.0,2025-11-14T12:24:02-07:00,support,very_negative,The user is experiencing significant issues with changing their name.,[],True,
177,Teehdhbch,1.0,2025-11-14T08:43:22-07:00,support,very_negative,"The review expresses frustration over the timing of account verification, which negatively impacts cash flow.",['verification'],True,
178,Big back barbecue shack,5.0,2025-11-10T20:45:48-07:00,ease-of-use,very_positive,The product made the user's day complete due to its simplicity.,[],False,
179,Krick999,1.0,2025-11-10T11:46:11-07:00,support,very_negative,"The user experienced account closure and loss of funds, indicating poor support.",[],True,
180,rerererererereree,1.0,2025-11-10T11:11:01-07:00,reliability,very_negative,The seller experiences interruptions during busy times.,[],True,
181,Osculator X,5.0,2025-11-10T08:47:26-07:00,reliability,very_positive,The reviewer values the long-term dependability of the service.,[],False,
182,GingerlandLLC,1.0,2025-11-10T08:11:04-07:00,support,very_negative,Customer service is unhelpful and fails to resolve issues with the apps.,[],True,
183,murdawx,5.0,2025-11-10T07:12:06-07:00,features,very_positive,The seller is enthusiastic about accepting Bitcoin payments.,['BTC payments'],False,
184,TMSLLC,5.0,2025-11-10T03:34:14-07:00,ease-of-use,very_positive,The system is very user-friendly.,[],False,
185,Local Tire Review us,5.0,2025-11-09T23:27:36-07:00,support,positive,The reviewer appreciates the support from Square in helping their small business grow.,"['customer service', 'loan offers']",False,
186,Forpdope,4.0,2025-11-09T05:31:53-07:00,reliability,negative,The reader is not charging despite being only a few months old.,['charging'],True,
187,Nurmo car care,5.0,2025-11-08T18:37:48-07:00,ease-of-use,very_positive,The user appreciates the simplicity and straightforward nature of Square.,[],False,
188,Tao Lady,5.0,2025-11-08T15:51:16-07:00,features,very_positive,The product is highly effective for tracking transactions among multiple users.,"['tracking transactions', 'multiple users']",False,
189,Nlizr,1.0,2025-11-07T09:15:01-07:00,support,very_negative,The customer service experience was unprofessional and ineffective.,[],True,
190,Upset  GF management,3.0,2025-11-06T15:29:21-07:00,support,negative,"The seller is frustrated with chargebacks despite customers picking up their orders, indicating a lack of effective fraud prevention.",[],True,
191,RVO-Kev,2.0,2025-11-06T08:09:41-07:00,features,negative,The new update's small font size on item variations is causing readability issues for employees.,['grid for item variations'],True,
192,PS Smith Fam,2.0,2025-11-06T05:39:07-07:00,support,very_negative,"The seller feels unfairly treated by Square's dispute resolution process, leading to financial loss.",[],True,
193,Deo.DJackson,5.0,2025-11-05T22:28:10-07:00,other,very_positive,The app is highly praised as a significant benefit to users.,[],False,
194,sunglass buyer,2.0,2025-11-04T15:58:46-07:00,support,very_negative,The customer is extremely dissatisfied with the company's customer service and security measures.,"['customer service', 'security', 'marketing']",True,
195,vjjsjffjir,1.0,2025-11-04T14:49:02-07:00,ease-of-use,very_negative,The user finds the navigation extremely difficult.,[],True,
196,Brt2025,1.0,2025-11-04T08:50:36-07:00,support,very_negative,The user finds the support solution inadequate for maintaining connectivity during busy periods.,"['card reader', 'app']",True,
197,gsaved,5.0,2025-11-04T03:43:49-07:00,pricing,very_positive,Square is a valuable financial tool that has significantly contributed to business growth.,[],False,
198,Chaosmage17,1.0,2025-11-03T20:24:19-07:00,support,very_negative,The reviewer expresses strong dissatisfaction with Square's customer service and overall system.,[],True,
199,ARMVIK14,1.0,2025-11-03T15:16:33-07:00,support,very_negative,The user experienced account suspension and lack of support regarding their funds.,[],True,
200,docbolte,1.0,2025-11-03T09:48:29-07:00,support,very_negative,The customer is frustrated with Square's handling of transactions and plans to switch providers.,[],True,
201,Doubletrouble777,1.0,2025-11-03T06:57:34-07:00,support,very_negative,The customer is frustrated with the lack of support and delayed payment from Square.,"['security deposits', 'account deactivation']",True,
202,Clymer floors & more LLC,1.0,2025-11-03T05:02:42-07:00,support,very_negative,The company is criticized for withholding funds from clients.,[],True,
203,"So so, will do",5.0,2025-11-01T19:33:29-07:00,ease-of-use,very_positive,Square is easy to use and boosts sales.,[],False,
204,Gilbertoiron,5.0,2025-11-01T09:05:17-07:00,features,very_positive,Square provides reliable payment options that are crucial for my business.,['multiple payment options'],False,
205,Forresta b,3.0,2025-11-01T04:54:58-07:00,pricing,neutral,"The service is good, but the processing fees are too high.",[],True,
206,FreshKuts,2.0,2025-10-31T18:24:59-07:00,pricing,negative,The customer is unhappy with the high transaction fees after years of loyalty.,[],True,
207,Debbie daylight,5.0,2025-10-31T10:33:18-07:00,features,very_positive,The tap app has significantly boosted the user's business sales.,['tap app'],False,
208,Brian and Son,2.0,2025-10-31T09:04:20-07:00,ease-of-use,negative,The app is not user-friendly and requires unnecessary steps for tipping.,['tip feature'],True,
209,Puppybear pie,1.0,2025-10-31T05:45:08-07:00,support,very_negative,The user experienced issues accessing their funds and received no support from customer service.,"['payment link', 'cash app integration', 'account verification']",True,
210,***Human_Being***,1.0,2025-10-30T20:37:30-07:00,support,very_negative,"The reviewer experienced issues with account freezing and fund disbursement, leading to a perception of Square as a scam.",[],True,
211,MustangCamaroGuy,5.0,2025-10-30T14:41:07-07:00,features,very_positive,"Square provides customizable invoicing and automatic receipt delivery, enhancing client trust.","['customization', 'invoicing', 'automatic receipt delivery']",False,
212,dl97ag,1.0,2025-10-30T09:18:11-07:00,other,very_negative,The app is poorly coded and needs a complete rewrite.,[],True,
213,Kristie234,4.0,2025-10-30T08:11:08-07:00,other,positive,The reviewer expresses satisfaction with the year 2025.,[],False,
214,CYBERZUBZ,1.0,2025-10-30T05:17:26-07:00,support,very_negative,"The reviewer experienced account deactivation and loss of funds, indicating poor support.",[],True,
215,Dhihgfvbhthbbhj,1.0,2025-10-29T05:21:37-07:00,pricing,very_negative,The customer is frustrated with high fees and a service shutdown due to a policy violation.,[],True,
216,puropro,1.0,2025-10-28T09:13:10-07:00,support,very_negative,The seller experienced account deactivation without explanation or support.,[],True,
217,Simply-Di,5.0,2025-10-28T05:37:08-07:00,ease-of-use,very_positive,The app is easy to use and essential for managing a small business.,"['storing items with their prices', 'checkout process']",False,
218,Pinkdiva1963,5.0,2025-10-27T10:54:11-07:00,ease-of-use,very_positive,The setup process for Square is very straightforward and enjoyable.,[],False,
219,HWF freak2,4.0,2025-10-27T09:12:34-07:00,ease-of-use,positive,"The convenience of Tap to Pay is appreciated, though it can be inconsistent at times.",['Tap to Pay'],False,
220,Labellavitastudio13,5.0,2025-10-26T17:05:30-07:00,ease-of-use,very_positive,The user finds the product easy to use and expresses love for it.,[],False,
221,Luxuriousbarbershop,5.0,2025-10-25T20:00:59-07:00,other,very_positive,The reviewer is extremely satisfied with the product.,[],False,
222,mistergilberto,5.0,2025-10-25T09:47:55-07:00,ease-of-use,very_positive,The app is praised for its user-friendly design and efficiency.,[],False,
223,Flores jewelry,5.0,2025-10-24T12:51:59-07:00,support,very_positive,The service has significantly benefited their business.,[],False,
224,DubsUSA,1.0,2025-10-24T08:34:05-07:00,pricing,very_negative,The hidden tip feature is seen as unethical and leads to a change in spending habits.,['tip concealment'],True,
225,Jenshults,1.0,2025-10-23T06:27:05-07:00,features,very_negative,The new update complicates ticket management and negatively impacts usability.,"['open tickets', 'gross sales', 'void tickets']",True,
226,ForebodeMe,1.0,2025-10-23T05:22:45-07:00,support,very_negative,The app is not friendly to small businesses and has poor customer support.,"['account deactivation', 'customer support', 'verification process']",True,
227,RV20.23,4.0,2025-10-22T20:23:53-07:00,features,positive,The app is great for managing inventory but lacks advanced sorting options.,"['inventory management', 'pricing']",False,
228,95AndyPerez,1.0,2025-10-21T13:40:08-07:00,support,very_negative,"The app has poor support, leading to account deactivation without explanation and significant financial loss.",[],True,
229,Helplessly2,1.0,2025-10-20T15:08:44-07:00,support,very_negative,The customer experienced poor support from Square representatives.,[],True,
230,Top Gun Lawn And Pest,5.0,2025-10-20T14:15:49-07:00,features,very_positive,Square provides essential tools for new businesses to collect revenue effectively.,[],False,
231,Bloomingbear,5.0,2025-10-20T09:26:21-07:00,ease-of-use,very_positive,The service is user-friendly and facilitates quick checkouts for customers.,[],False,
232,ing.collado,5.0,2025-10-20T09:24:04-07:00,reliability,very_positive,The reviewer expresses strong satisfaction with the company's reliability.,[],False,
233,EP Artist,5.0,2025-10-20T06:40:11-07:00,reliability,very_positive,The seller has consistently had a positive experience using Square for card payments at events over the past three years.,"['accepting cards', 'tap']",False,
234,FLEXX LLC,5.0,2025-10-20T05:21:42-07:00,features,very_positive,Square is an excellent payment solution for entrepreneurs.,[],False,
235,solo seeking higher ground,5.0,2025-10-19T10:31:51-07:00,ease-of-use,very_positive,"The Square app is easy to use, even for occasional users.","['tap and pay', 'customer support for mistakes']",False,
236,Wingding1337,5.0,2025-10-19T06:39:38-07:00,features,very_positive,The app is an excellent mobile-based payment platform.,[],False,
237,Yucca Tow,1.0,2025-10-18T20:17:21-07:00,support,very_negative,The seller is dissatisfied with the lack of support during credit card disputes.,[],True,
238,J'D,5.0,2025-10-18T13:56:45-07:00,ease-of-use,very_positive,The user appreciates the simplicity and ease of the interface.,[],False,
239,MysticMoney,5.0,2025-10-16T09:51:03-07:00,features,very_positive,The Square system enhances business income management with excellent portability and reliability.,"['portability', 'Square reader']",False,
240,nate1919,5.0,2025-10-16T00:25:04-07:00,ease-of-use,very_positive,The user finds Square to significantly simplify their processes.,[],False,
241,Dibine#02,5.0,2025-10-16T00:16:36-07:00,support,very_negative,"The seller feels unsupported by Square in handling chargebacks, resulting in significant financial loss.",[],True,
242,Donner Creek Brewing,5.0,2025-10-15T10:15:02-07:00,ease-of-use,very_positive,The user finds the product to be comprehensive and easy to use.,[],False,
243,Gameonjerseys,5.0,2025-10-15T06:01:16-07:00,ease-of-use,very_positive,The user finds the product very easy to use and helpful.,[],False,
244,Marlen Prato,5.0,2025-10-14T05:42:39-07:00,ease-of-use,very_positive,"The user finds the product easy to use, which gives them confidence in processing payments.",[],False,
245,pelon-pelon-rico,1.0,2025-10-14T05:41:04-07:00,support,very_negative,The reviewer expresses deep dissatisfaction with Square's handling of funds and customer support.,[],True,
246,marichelosay,5.0,2025-10-13T14:42:43-07:00,features,very_positive,The ability to accept payments via phone tap enhances sales opportunities.,['tap on phone'],False,
247,Conniebachmanndesigns,1.0,2025-10-13T09:36:17-07:00,support,very_negative,The customer is frustrated due to the lack of assistance from a real person.,[],True,
248,Smokinfoxbeauty,5.0,2025-10-11T11:37:42-07:00,support,negative,The user is frustrated with the account deactivation decision and feels that better support could have resolved the issue.,[],True,
249,Gadget Bill,5.0,2025-10-11T04:52:34-07:00,ease-of-use,very_positive,Square has significantly improved the transaction process for the user's craft business.,['integration with website'],False,
250,@CraveCutsLLC,5.0,2025-10-10T20:22:54-07:00,other,very_positive,The reviewer expresses strong satisfaction with CraveCuts.Com.,[],False,
251,Sndoenxpanc,1.0,2025-10-10T20:07:47-07:00,pricing,very_negative,The reviewer feels that Square is taking their money unfairly.,[],True,
252,daddy chungus üéÖüèøüéÖüèøüéÖüèø,3.0,2025-10-10T17:08:17-07:00,reliability,negative,The app frequently experiences connection issues during transactions.,[],True,
253,Diuver Manuel,5.0,2025-10-10T16:54:00-07:00,other,very_positive,The seller is highly satisfied with the service.,[],False,
254,üéÅüéÅüéÅ‚ù§Ô∏èüò¥,5.0,2025-10-10T13:44:39-07:00,ease-of-use,very_positive,The app is user-friendly and well-received.,[],False,
255,Gdcbalxo,1.0,2025-10-10T07:10:22-07:00,support,very_negative,"The seller experienced account closure and loss of funds, indicating poor support.",[],True,
256,Kiki2kissy,5.0,2025-10-09T19:01:43-07:00,other,very_positive,The seller is very satisfied with the service.,[],False,
257,Luke !!,5.0,2025-10-09T14:02:35-07:00,other,very_positive,The reviewer is extremely satisfied with the service.,[],False,
258,pepitoüòâ,5.0,2025-10-09T05:36:07-07:00,ease-of-use,very_positive,The reviewer appreciates Square for its effectiveness and quick payment processes.,['quick payment processes'],False,
259,Queen Ana. Martin,5.0,2025-10-08T14:05:27-07:00,ease-of-use,very_positive,The app is highly effective for managing business operations.,[],False,
260,Bradfordworx,5.0,2025-10-07T11:15:55-07:00,ease-of-use,very_positive,The application simplifies payment processing for customers.,[],False,
261,Billisa M,5.0,2025-10-06T18:54:48-07:00,ease-of-use,very_positive,Square is user-friendly and quick to learn.,[],False,
262,Ovalles delicias,5.0,2025-10-06T09:34:05-07:00,other,very_positive,The user is very pleased with the product.,[],False,
263,Carol L B,5.0,2025-10-05T05:15:03-07:00,ease-of-use,very_positive,The user finds Square essential for running their business efficiently.,[],False,
264,Multicultural musician,3.0,2025-10-04T22:13:43-07:00,other,negative,The app's increasing size is causing storage concerns for the user.,[],True,
265,5hartsofgold,5.0,2025-10-04T07:52:17-07:00,ease-of-use,very_positive,The user finds the product very easy to use.,[],False,
266,Bshsiznsb,2.0,2025-10-03T10:42:36-07:00,ease-of-use,negative,"The app lacks clear guidance for activating features, leading to frustration and potential loss of customers.","['tap to pay', 'printer setup', 'iPad register setup']",True,
267,Hot Messyy,1.0,2025-10-03T01:57:33-07:00,support,very_negative,The reviewer is frustrated with Square's account management and verification processes.,"['account closure', 'ID submission', 'selfies']",True,
268,Lc Scents,1.0,2025-10-02T14:02:28-07:00,support,very_negative,The reviewer experienced account closure and money retention without justification.,[],True,
269,PjRosno,5.0,2025-10-02T11:05:22-07:00,features,positive,The user desires improved functionality for comparing sales data over the years.,[],False,
270,bloodeyfarts,1.0,2025-10-02T06:31:06-07:00,support,very_negative,The reviewer is frustrated with the lack of customer support and high fees.,"['customer support', 'fees', 'payout delay', 'bugs']",True,
271,JOELLEOL,5.0,2025-10-01T18:25:19-07:00,support,very_positive,The reviewer appreciates the professionalism of Square's service.,[],False,
272,SkeetBone AKA Lucciano,5.0,2025-10-01T12:03:23-07:00,ease-of-use,very_positive,The user finds the app to be great.,[],False,
273,fuadzaxily,5.0,2025-10-01T05:14:12-07:00,other,very_positive,The seller is very satisfied with the service.,[],False,
274,DubT196,1.0,2025-09-30T03:57:44-07:00,support,very_negative,"The customer service is inadequate and unhelpful, leading to frustration.",[],True,
275,nyccobra,1.0,2025-09-30T01:49:54-07:00,support,very_negative,The company deactivates accounts without explanation and holds funds for an extended period.,"['drivers license verification', 'hardware for swiping cards']",True,
276,Vee‚Äôs Beauty Ink,5.0,2025-09-29T22:19:19-07:00,ease-of-use,very_positive,Square provides a smooth and professional checkout experience that is essential for the business.,"['payments', 'bookings', 'tracking sales']",False,
277,Aphreal,5.0,2025-09-29T11:31:51-07:00,features,very_positive,The user is highly satisfied with the app and its integration with their website and payment processing.,"['website integration', 'payment app']",False,
278,Sq bank love,5.0,2025-09-29T10:48:23-07:00,other,very_positive,The reviewer loves using Square.,[],False,
279,Dmytro Zikieiev,1.0,2025-09-29T10:01:40-07:00,support,very_negative,"Square blocks accounts without explanation, harming business operations and reputation.","['virtual terminal', 'account functionality']",True,
280,RyCasey,1.0,2025-09-28T21:35:51-07:00,pricing,very_negative,The reviewer feels that the fees are excessively high for small businesses.,['Loan fee'],True,
281,Deb@420,5.0,2025-09-28T19:26:44-07:00,other,very_positive,The reviewer feels that using this service was a life-changing decision for their business.,[],False,
282,ByVickyNails,5.0,2025-09-28T07:26:42-07:00,ease-of-use,very_positive,The platform is described as perfect.,[],False,
283,johnstju,5.0,2025-09-28T06:27:19-07:00,other,very_positive,The reviewer expresses strong satisfaction with the product.,[],False,
284,aj77778888,1.0,2025-09-27T16:06:08-07:00,support,very_negative,The user is frustrated with the lack of support for processing a refund.,[],True,
285,Chi chi 00,5.0,2025-09-26T17:07:36-07:00,ease-of-use,very_positive,Square simplifies the process of accepting credit and debit cards.,[],False,
286,Ed the seller,1.0,2025-09-26T10:04:31-07:00,pricing,very_negative,"The fees charged by Square are excessively high for small, home-based businesses.","['fees', 'money transfer']",True,
287,chuckh68,3.0,2025-09-26T05:30:39-07:00,support,neutral,The customer is having difficulty finding contact information for live customer service.,[],True,
288,Clif On iTunes,1.0,2025-09-25T10:32:02-07:00,reliability,very_negative,The latest version has significant reliability issues causing orders to not show up and frequent error messages.,"['iOS 26', 'orders', 'error loading message']",True,
289,dogo2901,5.0,2025-09-24T22:56:19-07:00,other,very_positive,The user loves the product.,[],False,
290,Square crew,5.0,2025-09-24T22:22:15-07:00,features,very_positive,Square effectively meets the needs of the company.,[],False,
291,MrB1179,1.0,2025-09-24T18:09:05-07:00,support,very_negative,"The customer experienced poor support and a critical issue with invoice discount calculations, leading to their decision to stop using the service.","['invoices', 'discounts']",True,
292,uplandangler,5.0,2025-09-23T21:39:29-07:00,other,very_positive,The user has a very favorable impression of the site.,[],False,
293,ChillySlim,5.0,2025-09-22T19:19:59-07:00,other,very_positive,The reviewer highly praises Square as an exceptional app.,[],False,
294,Rodeo Joe bob,3.0,2025-09-21T19:32:06-07:00,features,neutral,The user appreciates Square's functionality but finds it overly complex for small business needs.,['inventory tracking'],True,
295,JoelRevolves,1.0,2025-09-21T11:28:26-07:00,other,very_negative,The reviewer warns others to be cautious.,[],True,
296,31751411,5.0,2025-09-21T00:38:47-07:00,features,very_positive,"The Square system is very practical for ensuring payments are made, even without cash.","['ability to charge anywhere', 'no cash required']",False,
297,Ricardo7596,5.0,2025-09-20T21:29:19-07:00,features,very_positive,The app effectively helps users receive tips from clients.,['tips from clients'],False,
298,Dee Tru,5.0,2025-09-20T12:42:43-07:00,other,very_positive,The reviewer expresses strong satisfaction with the service.,[],False,
299,USOs propio,5.0,2025-09-19T15:00:50-07:00,support,positive,The user appreciates the product but wishes for better online support options.,[],False,
300,Back roads E&S,5.0,2025-09-19T13:55:53-07:00,support,neutral,The user is experiencing difficulties with adding customer names to order tickets.,[],False,
301,Definitelyabuy,1.0,2025-09-19T13:51:17-07:00,features,very_negative,The user is dissatisfied with the small font size and buttons on the tip screen.,"['tip screen', 'font size', 'buttons']",True,
302,Mayreelin,5.0,2025-09-19T13:23:35-07:00,ease-of-use,very_positive,The application is highly regarded for its usability.,[],False,
303,Hunnie 59,5.0,2025-09-19T11:45:37-07:00,ease-of-use,very_positive,The user has a very positive experience with Square.,[],False,
304,joujoubeads,5.0,2025-09-19T09:38:47-07:00,ease-of-use,very_positive,Square offers a straightforward and hassle-free experience without the need for additional hardware or deposits.,[],False,
305,Restaurant 2021,1.0,2025-09-18T18:41:33-07:00,reliability,very_negative,The Square system is unreliable and prevents the user from processing credit card payments.,[],True,
306,Chelly1505,5.0,2025-09-18T13:21:18-07:00,features,very_positive,The user is highly satisfied with Square and appreciates its features.,['tap feature'],False,
307,Mrtatguy,5.0,2025-09-17T16:38:12-07:00,features,very_positive,The user loves Square for its booking and payment management capabilities.,"['booking', 'payment management']",False,
308,AMX85,1.0,2025-09-17T09:49:08-07:00,support,very_negative,The review expresses frustration with the slow availability of funds and unhelpful customer service.,"['check deposit', 'card processing']",True,
309,Sunshinemarky,1.0,2025-09-16T13:22:21-07:00,support,very_negative,The customer is frustrated with the lack of communication and support regarding their frozen account.,[],True,
310,Licensedtocut/30907,4.0,2025-09-16T08:57:23-07:00,features,neutral,The notification feature interferes with the checkout process.,"['notification', 'checkout']",False,
311,Willskiii,1.0,2025-09-16T06:28:16-07:00,support,very_negative,"The seller experienced account deactivation and poor customer service, leading to frustration.",[],True,
312,God got your back,5.0,2025-09-16T06:22:28-07:00,features,very_positive,The Square app significantly enhances the shopping experience by efficiently tallying purchases.,"['adding up purchases', 'sales schedule']",False,
313,imdavestriderbru,5.0,2025-09-15T17:30:33-07:00,other,very_positive,The reviewer finds Square reliable for their business needs.,[],False,
314,Miguel7280,5.0,2025-09-15T09:07:51-07:00,other,very_positive,The customer expresses strong satisfaction with the product.,[],False,
315,jcellphone,5.0,2025-09-15T06:24:46-07:00,other,very_positive,The seller is very satisfied with the service.,[],False,
316,Mark from Independence MO,5.0,2025-09-14T17:55:07-07:00,features,very_positive,The Square card reader and app significantly enhanced the seller's experience at their first art fair.,"['Square card reader', 'app', 'tap to pay']",False,
317,professional reviewer23,4.0,2025-09-14T13:05:04-07:00,features,positive,The absence of circles is a drawback but does not significantly detract from the overall experience.,['circles'],False,
318,Daytradinbob,5.0,2025-09-14T11:12:52-07:00,features,positive,The user appreciates the service but requests a feature to message multiple customers about appointments.,[],False,
319,SimPro Mobile,5.0,2025-09-13T18:34:50-07:00,support,very_positive,The support from Square is responsive and helpful.,"['funding', 'repayable with every credit and debit card purchase']",False,
320,Tatt2Trav,5.0,2025-09-13T18:32:42-07:00,ease-of-use,very_positive,The product is exceptionally user-friendly and beneficial for small business owners.,[],False,
321,Mahya.sltn,1.0,2025-09-13T17:53:32-07:00,ease-of-use,very_negative,The user experienced significant financial loss due to a lack of notifications about payment issues.,[],True,
322,Horrible@@@@@,1.0,2025-09-13T15:51:32-07:00,other,very_negative,The app is criticized for being deceptive and having many deficiencies.,[],True,
323,MommaSwan68,5.0,2025-09-13T01:06:23-07:00,ease-of-use,very_positive,The Square has significantly improved the user's business operations in just one day.,[],False,
324,Paraguaipoa,5.0,2025-09-12T11:36:10-07:00,ease-of-use,very_positive,"The processing is quick and easy, highly recommended.",[],False,
325,Sunnydae2008,4.0,2025-09-12T11:32:06-07:00,features,positive,The user appreciates the functionality but is experiencing a minor issue with pop-up messages.,['added to cart pop up message'],False,
326,J Jakenusja,5.0,2025-09-12T11:17:11-07:00,ease-of-use,very_positive,The review highlights the ease of use for both business owners and customers.,[],False,
327,Sgt_Sackboy_,1.0,2025-09-11T05:33:27-07:00,support,very_negative,"The app is withholding funds for 90 days without a valid reason, causing financial strain.","['withholding funds', 'app crashes']",True,
328,Scotty098765,5.0,2025-09-09T17:24:43-07:00,other,very_positive,The reviewer is extremely satisfied with the product.,[],False,
329,Suntime90210,1.0,2025-09-09T14:56:15-07:00,ease-of-use,very_negative,The new tip screen process adds unnecessary steps and slows down checkouts.,"['tip screen', 'checkout process']",True,
330,AJ Mouzon,5.0,2025-09-09T12:07:05-07:00,reliability,very_positive,The system is efficient and beneficial for running a barber business.,"['quick system', 'organized system']",False,
331,User 67669,1.0,2025-09-09T10:33:37-07:00,support,very_negative,Customer service is unhelpful and frustrating.,[],True,
332,Zaib Nisar,5.0,2025-09-09T02:39:31-07:00,ease-of-use,very_positive,The product is very easy to use.,[],False,
333,Adam Isaacson,1.0,2025-09-08T09:24:30-07:00,support,very_negative,"Square provides inadequate support and protection for sellers, leading to significant financial losses.",[],True,
334,Michelle‚Äôs business,5.0,2025-09-08T01:33:59-07:00,other,very_positive,The reviewer believes Square is the best way to grow a business.,[],False,
335,Maoooooooiiiiiibg,1.0,2025-09-07T09:22:29-07:00,ease-of-use,very_negative,Recent updates have made the sales process slower and more cumbersome.,"['updates', 'sales process', 'buttons']",True,
336,Square is Circus,1.0,2025-09-07T03:08:48-07:00,support,very_negative,The user is frustrated with the lack of explanation for their account deletion and the hold on their funds.,[],True,
337,Bling Like The Stars Studio,5.0,2025-09-06T07:39:12-07:00,other,very_positive,The product is a valuable investment for both store and pop-up events.,[],False,
338,Michele Coppola,1.0,2025-09-05T11:52:58-07:00,support,very_negative,"Square is withholding funds without legal justification, causing significant concern for the customer.",[],True,
339,Rigo B,1.0,2025-09-05T00:03:38-07:00,support,very_negative,"The review highlights frustration with Square's handling of customer disputes, which negatively impacts business owners.",['dispute resolution process'],True,
340,SuperDaveage,4.0,2025-09-03T15:50:31-07:00,features,positive,"The app lacks a built-in feature to automatically add transaction fees, leading to a cumbersome experience.",[],False,
341,Brdspfd,1.0,2025-09-02T07:50:42-07:00,support,very_negative,The reviewer expresses frustration with Square's support and policies regarding customer disputes.,[],True,
342,braidinchick,5.0,2025-08-31T14:50:03-07:00,support,very_positive,The reviewer appreciates Square's service for their business.,[],False,
343,Polish deli Rockford,5.0,2025-08-31T14:22:43-07:00,features,very_positive,"Square provides accessible loans based on sales, enabling business growth.","['loan based on sales', 'easy repayment']",False,
344,Themeeee,5.0,2025-08-31T07:38:16-07:00,features,very_positive,The user is requesting a dark theme feature.,"['dark theme', 'dark mode']",False,
345,Buensiimo,5.0,2025-08-30T14:47:30-07:00,other,very_positive,The seller is highly satisfied with the service.,[],False,
346,Squares  diwn86,1.0,2025-08-30T11:00:28-07:00,support,very_negative,The customer is dissatisfied with the lack of customer service and plans to switch providers.,[],True,
347,brutal bat,1.0,2025-08-29T17:23:22-07:00,reliability,very_negative,The reviewer warns against using Square due to frequent and arbitrary holds on funds.,[],True,
348,Store1812,1.0,2025-08-29T08:40:54-07:00,ease-of-use,very_negative,The new update has made the interface confusing and less user-friendly.,"['interface', 'change presentation of errors']",True,
349,iLL baWse,5.0,2025-08-29T08:05:55-07:00,other,very_positive,The reviewer is extremely satisfied with the product.,[],False,
350,MooküòîüêÑlove,1.0,2025-08-29T07:20:44-07:00,support,very_negative,The customer is extremely dissatisfied with the tech support experience.,[],True,
351,Orlando-315,1.0,2025-08-28T20:24:57-07:00,pricing,very_negative,The reviewer accuses the service of being a scam and not refunding money.,[],True,
352,Guagaaaa,1.0,2025-08-28T16:43:01-07:00,features,very_negative,The website option for marking items unavailable is not functioning properly.,"['website option', 'printer']",True,
353,Cin Buc,1.0,2025-08-28T10:30:31-07:00,support,very_negative,The customer experienced poor service due to account deactivation without explanation.,[],True,
354,BP-Duncan,5.0,2025-08-28T08:24:01-07:00,ease-of-use,very_positive,The product is very useful for running a professional business.,[],False,
355,Luckyducksters,2.0,2025-08-27T10:03:27-07:00,ease-of-use,negative,The interface is overly complicated and confusing for users.,['done checkmark'],True,
356,ItsChassee,1.0,2025-08-27T05:30:25-07:00,support,very_negative,"The reviewer experienced account deactivation and funds being held without explanation, indicating poor support.","['verification processes', 'account closure', 'funds holding']",True,
357,JuliusT.,3.0,2025-08-26T11:34:27-07:00,reliability,negative,"The user is frustrated that all three Square readers have stopped working, impacting payment processing.","['Bluetooth', 'tap pay']",True,
358,Gabrielle1020,1.0,2025-08-25T17:01:30-07:00,support,very_negative,The customer is frustrated with the lack of support and communication regarding their hardware order.,"['hardware shipping', 'customer support', 'chat team']",True,
359,DonCat219,5.0,2025-08-24T19:10:13-07:00,ease-of-use,very_positive,The app is highly beneficial for business operations.,[],False,
360,Pnut man great,5.0,2025-08-23T14:27:24-07:00,support,very_positive,The ability to borrow money during tight times is highly appreciated.,['borrow money'],False,
361,jaybird201,1.0,2025-08-23T09:48:11-07:00,support,very_negative,The customer is frustrated with poor customer service and a confusing app experience.,"['account freezing', 'payment review', 'app confusion']",True,
362,1602 5563 92.  Speed,1.0,2025-08-22T07:11:00-07:00,support,very_negative,The seller experienced a lack of support and communication after their account was closed.,[],True,
363,Shlomi i,5.0,2025-08-22T05:38:26-07:00,pricing,very_positive,Square offers transparent pricing and superior service compared to competitors.,['no hidden fees'],False,
364,Trevor0091,1.0,2025-08-21T21:30:21-07:00,support,very_negative,The seller experienced account closure without explanation and difficulty accessing funds.,"['account', 'invoices']",True,
365,Tlc tire shop,4.0,2025-08-21T20:00:41-07:00,features,positive,"The tap feature is great, but there are reliability issues with it and the swipe function.","['tap on the go', 'swipe']",False,
366,omfgniah,2.0,2025-08-21T15:50:55-07:00,ease-of-use,negative,The app has great features but is difficult to use and navigate.,[],True,
367,Bananaboy1209,5.0,2025-08-21T14:18:09-07:00,other,very_positive,The reviewer is extremely satisfied with the product.,[],False,
368,Leonardo Cisneros-Melara,1.0,2025-08-21T01:50:31-07:00,support,very_negative,"The user experienced account deactivation shortly after starting, leading to frustration over access to funds.","['card payments', 'account review', 'deactivation']",True,
369,Albanian_pdg,5.0,2025-08-20T20:50:03-07:00,ease-of-use,very_positive,The interface is user-friendly and serves as an excellent business tool.,"['interface', 'business tool']",False,
370,TSaddler81818,5.0,2025-08-19T14:36:31-07:00,pricing,positive,The user appreciates the ease of use but is concerned about rising fees affecting customer payment preferences.,[],False,
371,Hunditgrams,1.0,2025-08-19T08:31:57-07:00,support,very_negative,"The user is frustrated with the lack of support and access to their account, leading to a negative experience.","['account access', 'document upload']",True,
372,MonteeKerr,5.0,2025-08-18T22:08:50-07:00,ease-of-use,very_positive,The user finds the setup process to be very straightforward and enjoyable.,[],False,
373,Kimala123,1.0,2025-08-18T15:52:15-07:00,features,very_negative,"The app requires unnecessary microphone access, making it difficult for the user to operate.","['microphone access', 'swipe cards']",True,
374,Dpeiz,1.0,2025-08-18T15:33:31-07:00,support,very_negative,The seller experienced significant frustration with account deactivation and poor communication from Square.,[],True,
375,Bad reviews for bad businesses,1.0,2025-08-18T14:14:56-07:00,support,very_negative,The reviewer experienced significant financial loss and poor support from Square.,[],True,
376,Ordinary Guy 47,5.0,2025-08-16T15:23:45-07:00,ease-of-use,very_positive,The user finds the app to be the best they've ever used.,[],False,
377,calif bottles,4.0,2025-08-16T13:27:53-07:00,support,positive,The user enjoys Square but wishes for better personal support options.,"['tap', 'insert card']",False,
378,All Hairr,1.0,2025-08-16T09:41:17-07:00,support,very_negative,Square's account review process can severely hinder access to funds for business owners.,[],True,
379,Doolymon,5.0,2025-08-15T16:07:00-07:00,ease-of-use,very_positive,The user finds the product extremely easy to use and enjoyable.,[],False,
380,MgPAC-man,1.0,2025-08-15T05:03:58-07:00,support,very_negative,The reviewer feels scammed and is frustrated with the lack of support regarding their lost funds.,[],True,
381,AdmanP70,1.0,2025-08-14T19:27:57-07:00,support,very_negative,The user experienced a significant issue with account access and feels their funds are not secure.,[],True,
382,Bossmanrandysavage,1.0,2025-08-14T09:18:52-07:00,features,very_negative,"Users cannot withdraw funds without a specific card, leading to frustration.","['withdrawing money', 'card requirement']",True,
383,Square users,1.0,2025-08-13T18:11:18-07:00,support,very_negative,The user feels that Square is unfairly holding their funds.,[],True,
384,anikdjf,1.0,2025-08-13T12:31:13-07:00,support,very_negative,The customer experienced a lack of support after being charged.,[],True,
385,Johnnypools,5.0,2025-08-13T09:35:30-07:00,support,very_negative,The customer had a very poor experience with the payment system and customer support.,[],True,
386,Sunsettowing,5.0,2025-08-12T20:42:37-07:00,ease-of-use,very_positive,The seller finds the product easy to use.,[],False,
387,Joey2363,1.0,2025-08-12T10:34:58-07:00,other,very_negative,The user finds the app to be terrible.,[],True,
388,magiclady54,5.0,2025-08-12T06:10:41-07:00,support,very_positive,The customer highly recommends Square for business needs due to their long-term satisfaction.,[],False,
389,Crochetttttttttt,3.0,2025-08-11T13:00:41-07:00,support,negative,"The seller experienced issues with sales being canceled without internet, and felt unsupported by Square.",['internet sales capability'],True,
390,Child_of_the_Living_God,1.0,2025-08-11T11:41:38-07:00,support,very_negative,The company is untrustworthy and delays fund releases.,[],True,
391,Nizh@ Kizzez,1.0,2025-08-11T04:44:26-07:00,other,very_negative,The user is experiencing unauthorized charges from their account.,[],True,
392,popeyefhf,1.0,2025-08-10T22:49:09-07:00,support,very_negative,The online service leads to frequent disputes resulting in financial losses.,[],True,
393,nick vixneil,5.0,2025-08-10T17:22:39-07:00,ease-of-use,very_positive,The app is easy to use and reliable for loans.,[],False,
394,Kenetek NRG,5.0,2025-08-10T04:42:07-07:00,other,very_positive,The reviewer expresses extreme satisfaction with the service.,[],False,
395,zuxy ysjdjduxj,5.0,2025-08-09T20:20:05-07:00,support,very_positive,The reviewer appreciates the support from Square in their business journey.,[],False,
396,Jerrell C. Branch,5.0,2025-08-09T13:07:33-07:00,support,very_positive,The seller has had a long-term positive experience with Square's support for small businesses.,[],False,
397,chris turkett,1.0,2025-08-09T10:50:29-07:00,pricing,very_negative,The customer feels that the pricing is excessive.,[],True,
398,Ashar907,5.0,2025-08-08T17:13:39-07:00,other,very_positive,The seller is extremely satisfied with the service.,[],False,
399,Pigzoink,5.0,2025-08-07T18:14:38-07:00,other,very_positive,The seller is extremely satisfied with the service.,[],False,
400,Melvinflowmusic,3.0,2025-08-07T16:18:19-07:00,pricing,negative,The reviewer feels that Square's fees are too high for small businesses.,[],True,
401,Danilo Castellanos,1.0,2025-08-07T15:56:17-07:00,support,very_negative,The seller experienced a lack of support and communication regarding the freezing of their funds.,[],True,
402,Boricua83pr,5.0,2025-08-06T19:43:54-07:00,ease-of-use,very_positive,Square offers an excellent user experience with strong security and customer support.,[],True,
403,Review badg,1.0,2025-08-05T19:13:17-07:00,support,very_negative,The customer is frustrated with the prolonged account review process and poor customer service.,"['account review', 'online banking']",True,
404,Wtevez,1.0,2025-08-05T19:00:50-07:00,support,very_negative,"The app is criticized for holding funds without explanation, particularly affecting small businesses.",[],True,
405,Pika132,1.0,2025-08-05T12:04:57-07:00,other,very_negative,The app's restrictions on legal purchases due to external influences are harmful to businesses.,[],True,
406,jorge chayanne 12162,1.0,2025-08-04T20:24:51-07:00,support,very_negative,The reviewer feels that Square is withholding funds and harming small businesses.,[],True,
407,Go Ohio,5.0,2025-08-04T12:03:31-07:00,ease-of-use,very_positive,The user finds the payment link feature easy and quick to use.,['payment links'],False,
408,#1 Laundry Queen,3.0,2025-08-03T22:04:59-07:00,features,neutral,Customers want visibility of notes included in receipts.,"['NOTES', 'receipt']",False,
409,galleria photo studio,1.0,2025-08-03T20:29:01-07:00,ease-of-use,very_negative,The login process is frustratingly slow and lacks essential features like password saving and face recognition.,"['face recognition', 'password saving']",True,
410,Manueldelga,5.0,2025-08-03T18:09:48-07:00,ease-of-use,very_positive,The user finds the product easy and good to use.,[],False,
411,Malikhyseb,1.0,2025-08-03T16:47:28-07:00,support,very_negative,The user feels that their funds were unjustly confiscated and received no support from customer service.,[],True,
412,Higyub,1.0,2025-08-02T16:03:58-07:00,support,very_negative,The user experienced a significant issue with payment visibility and was frustrated by the limited customer service availability.,[],True,
413,allcity acs,5.0,2025-08-02T13:37:59-07:00,ease-of-use,very_positive,The user finds Square to be easy and user-friendly.,['loans'],False,
414,User12795,1.0,2025-08-01T16:50:34-07:00,support,very_negative,The user is frustrated with the inability to sign in and reset their password.,"['password reset', 'sign in']",True,
415,Booknoir,1.0,2025-08-01T15:33:15-07:00,support,very_negative,The service is unreliable and poses a risk to users' financial information.,[],True,
416,Personal Reflections,4.0,2025-08-01T06:52:24-07:00,ease-of-use,negative,"The app frequently freezes when uploading pictures, causing frustration.",['picture upload'],True,
417,Kam Azam,1.0,2025-07-31T19:58:13-07:00,support,very_negative,The customer experienced poor follow-up from support representatives.,[],True,
418,Ozzpen,1.0,2025-07-31T17:39:35-07:00,reliability,very_negative,The app update introduced a critical glitch preventing transactions.,"['transaction', 'cash drawer']",True,
419,Svn0ks,5.0,2025-07-31T09:44:51-07:00,ease-of-use,positive,The app has had some challenges but is generally considered good.,[],False,
420,Ksenija Rangel,1.0,2025-07-30T21:17:54-07:00,support,very_negative,The deactivation of the account has severely impacted the user's business.,[],True,
421,Eve's Creations,1.0,2025-07-30T20:06:30-07:00,features,very_negative,The user is frustrated with the inability to access their sales data from previous years.,['sales data access'],True,
422,EzekielBrise03,5.0,2025-07-30T06:21:25-07:00,other,very_positive,The reviewer expresses strong approval.,[],False,
423,electricjaya,1.0,2025-07-29T14:43:11-07:00,support,very_negative,The user is frustrated with the account deletion process and ineffective support.,['deactivate'],True,
424,Andy Garcia13,1.0,2025-07-29T13:14:26-07:00,support,very_negative,The reviewer accuses the company of fraud and poor account management.,[],True,
425,IOSEFKANAN,5.0,2025-07-29T11:07:44-07:00,pricing,negative,The reviewer feels misled about the rewards program and is considering switching to another service.,"['processing fee refund', 'rewards']",True,
426,Skinny chad,1.0,2025-07-28T14:01:09-07:00,support,very_negative,The customer is frustrated with the ineffective automated customer service.,"['automated customer service', 'phone support', 'chat support']",True,
427,ronnieworlds,5.0,2025-07-28T08:43:14-07:00,ease-of-use,very_positive,The user appreciates Square's simplicity and reliability for older individuals learning to use it.,[],False,
428,√à-ric,1.0,2025-07-28T08:37:02-07:00,reliability,very_negative,"Square frequently denies payments and can deactivate accounts unexpectedly, jeopardizing businesses.",[],True,
429,sparklinmyi,5.0,2025-07-28T06:57:43-07:00,ease-of-use,very_positive,"The user finds Square easy to use, especially with mobile functionality.","['mobile use', 'no swiping']",False,
430,Didora67,5.0,2025-07-27T23:30:03-07:00,ease-of-use,very_positive,The app enhances business presentation and customer confidence.,[],False,
431,Dhdhakakdjjddjjdkaj,1.0,2025-07-27T08:29:52-07:00,support,very_negative,The seller's account and funds can be unexpectedly locked.,[],True,
432,Aztec auto,1.0,2025-07-26T21:16:30-07:00,support,very_negative,The review describes a frustrating experience with account management and fund withholding.,[],True,
433,KimberlyAtkins,1.0,2025-07-26T09:01:12-07:00,reliability,very_negative,"The app crashes repeatedly on the iPad, making it unusable.",[],True,
434,Ringside Grill Food Truck,2.0,2025-07-26T01:54:12-07:00,support,negative,The customer feels unsupported after being denied a borrowing request.,[],True,
435,Fabi√®nne,1.0,2025-07-25T19:02:26-07:00,support,very_negative,"The reviewer is frustrated with Square's policy of holding funds for extended periods, which negatively impacts small businesses.","['fund hold policy', 'customer service']",True,
436,smalls enterprise,5.0,2025-07-25T15:01:44-07:00,other,very_positive,The reviewer believes Square is the best.,[],False,
437,Marisol‚Äôs beauty salon,5.0,2025-07-25T14:21:19-07:00,pricing,very_positive,The user is extremely satisfied with Square's pricing and the opportunities it provides for growth.,[],False,
438,Jimhafe,5.0,2025-07-25T13:29:34-07:00,ease-of-use,very_positive,The Square is highly recommended for credit card processing.,[],False,
439,Mircea M7,5.0,2025-07-24T09:39:16-07:00,reliability,very_positive,The app has been very reliable for taxi use since 2011.,[],False,
440,Ceagro Colombia,5.0,2025-07-24T07:04:51-07:00,ease-of-use,very_positive,The user loves the app and finds it beneficial.,[],False,
441,Sono41617172828228,1.0,2025-07-24T01:07:43-07:00,support,very_negative,The reviewer feels scammed and warns against using Square for small businesses.,[],True,
442,Cwin856,1.0,2025-07-23T12:31:04-07:00,reliability,very_negative,The app is consistently failing to load and is causing frustration.,[],True,
443,Cgelsitio,5.0,2025-07-23T12:30:06-07:00,ease-of-use,very_positive,The product is practical and effective for payments.,[],False,
444,Annacanto51,1.0,2025-07-23T12:15:32-07:00,support,very_negative,The customer is extremely dissatisfied with the service and warns others against using the app.,[],True,
445,HeatherJ918,5.0,2025-07-23T10:56:54-07:00,ease-of-use,very_positive,The user finds Square easy to use for managing their small business and filing taxes.,"['point of sale', 'appointments']",False,
446,vermont specialtys,5.0,2025-07-23T10:42:47-07:00,ease-of-use,very_positive,The user finds Square easy to use and integral to their business operations.,"['checkout', 'payroll', 'website']",False,
447,Vibez STK,1.0,2025-07-23T09:21:44-07:00,features,very_negative,"The app has a serious privacy issue related to microphone access, leading to user frustration and lockout.","['microphone access', 'headphone jack']",True,
448,Auto Zone,1.0,2025-07-22T09:48:41-07:00,support,very_negative,The seller experienced account closure without clear communication regarding security issues.,[],True,
449,Contractor #1,1.0,2025-07-22T08:50:33-07:00,ease-of-use,very_negative,The product is not suitable for small businesses due to its lack of user-friendliness.,[],True,
450,Jocromero,5.0,2025-07-19T20:07:23-07:00,features,positive,The user is pleased with the service but requests a specific feature change.,['VISA logo after card payment'],False,
451,SlavaBMW,1.0,2025-07-19T15:09:23-07:00,support,very_negative,The reviewer experienced poor customer service and lack of protection during disputes and refunds.,"['credit card processing', 'refunds', 'dispute handling']",True,
452,Sarahf223,1.0,2025-07-19T04:28:06-07:00,reliability,very_negative,"The app is non-functional and crashes upon opening, causing significant inconvenience.",[],True,
453,garinkpjohn,1.0,2025-07-18T16:48:32-07:00,pricing,very_negative,The app is accused of taking users' money and locking accounts without reason.,[],True,
454,zxplod123,1.0,2025-07-18T15:26:13-07:00,support,very_negative,The seller is frustrated with unresponsive support regarding a sorting issue.,['sort order'],True,
455,JohnnyB8it,1.0,2025-07-17T12:35:17-07:00,support,very_negative,The reviewer feels that Square offers inadequate fraud protection and support for lost or stolen cards.,['lock the card'],True,
456,Chapdel,5.0,2025-07-17T10:12:12-07:00,features,very_positive,"Square enabled the seller to accept credit cards, saving their business.",['credit card acceptance'],False,
457,Iilmeech1220,1.0,2025-07-16T22:44:47-07:00,support,very_negative,"The app freezes funds for an extended period, causing significant financial strain on users.",[],True,
458,gem100000000000000000000000,3.0,2025-07-16T17:13:00-07:00,reliability,negative,The app's failure to connect is negatively impacting the user's business.,[],True,
459,kalmia.isn‚Äôt.my.name,4.0,2025-07-16T14:01:26-07:00,reliability,negative,"The service occasionally cancels transactions after the customer has left, leading to financial losses.",[],True,
460,Square down,1.0,2025-07-16T10:03:57-07:00,reliability,very_negative,"The USB connector failed to recognize the reader, leading to frustration.","['usb connector', 'register', 'tap reader']",True,
461,Drivewaymechanics,1.0,2025-07-16T09:48:34-07:00,support,very_negative,"The customer experienced account deactivation and poor support, leading to frustration.",[],True,
462,Cloud17890,1.0,2025-07-15T22:16:36-07:00,ease-of-use,very_negative,The user faced difficulties during the sign-up process.,['postal code'],True,
463,oj0715,5.0,2025-07-15T19:41:21-07:00,support,very_positive,The seller finds the resource extremely helpful for their business.,[],False,
464,Danny the Fish Guy,5.0,2025-07-15T12:21:59-07:00,reliability,very_positive,The reviewer appreciates the flawless operation and effective support from Square.,[],False,
465,djdmar88,5.0,2025-07-15T11:38:07-07:00,other,very_positive,The reviewer believes Square is superior to PayPal.,[],False,
466,Uber is stealing from us all,1.0,2025-07-15T10:57:40-07:00,support,very_negative,The customer is frustrated with the navigation and customer service of Square.,[],True,
467,anthony_419,1.0,2025-07-15T06:10:24-07:00,features,very_negative,"The new animation feature disrupts music playback during transactions, causing frustration.","['animation', 'music playback']",True,
468,pollo610,5.0,2025-07-14T20:10:54-07:00,support,very_positive,The seller appreciates the excellent service provided.,[],False,
469,Kareema Mexican,5.0,2025-07-14T08:02:41-07:00,support,very_positive,The app has significantly improved business operations and customer service is efficient.,['customer service call line'],False,
470,Mr. Peace&love,1.0,2025-07-14T07:20:01-07:00,support,very_negative,The reviewer accuses Square of stealing funds and providing poor support.,[],True,
471,J&S Pro Cuts Barbershop,5.0,2025-07-14T03:09:35-07:00,support,very_positive,The reviewer appreciates Square's assistance with payment transactions and business loans.,"['payment transactions', 'business loans']",False,
472,emg305,1.0,2025-07-13T06:46:07-07:00,pricing,very_negative,Square's fees and delayed access to funds hinder cash flow for business owners.,[],True,
473,Joliiiiiiiiiiannn,5.0,2025-07-12T17:43:24-07:00,other,very_positive,The reviewer is extremely satisfied with the product.,[],False,
474,AAMORELL,1.0,2025-07-12T04:56:14-07:00,support,very_negative,The verification process for small businesses is overly complicated and leads to account closures.,"['business verification', 'invoices']",True,
475,Disappointed  Mad Again,1.0,2025-07-11T18:54:18-07:00,reliability,very_negative,The app's unreliability caused lost sales and frustration with customer service.,['error message'],True,
476,Dhcjjdeicndjjdj,1.0,2025-07-11T14:53:20-07:00,support,very_negative,"The lack of support led to a declined transaction, impacting the ability to pay bills.",[],True,
477,jenellejay,5.0,2025-07-11T09:43:11-07:00,pricing,very_positive,The free version of Square provides valuable resources for emerging brands without financial pressure.,[],False,
478,rycsy,2.0,2025-07-11T07:07:23-07:00,support,negative,"The app has reliability issues and poor customer support, leading to frustration for the user.","['inventory quantities', 'checkout links', 'customer support']",True,
479,Puddinsw75,1.0,2025-07-09T12:23:10-07:00,support,very_negative,The customer is frustrated with the delayed check deposit and poor customer service.,"['check deposit', 'customer service']",True,
480,Angel‚Äôs Delights,5.0,2025-07-08T11:46:55-07:00,ease-of-use,very_positive,The product is praised for its convenience in making payments on the go.,[],False,
481,mikejones213,1.0,2025-07-08T09:16:30-07:00,pricing,very_negative,The user is unhappy with the daily withdrawal cap and high fees.,"['withdrawal cap', 'fees']",True,
482,NewEngland72,1.0,2025-07-07T22:43:42-07:00,support,very_negative,The user is frustrated with the password reset process and feels their account is now useless.,"['password reset', 'email instructions']",True,
483,GabrielaAC04,3.0,2025-07-07T19:40:06-07:00,other,neutral,The app has age restrictions that prevent under-18 users from utilizing it for business.,[],True,
484,Speakeasy steakhouse,3.0,2025-07-07T19:01:03-07:00,features,negative,"The user is frustrated with the inability to turn off instant transfers, which incurs additional costs.",['instant transfers'],True,
485,alexo---,1.0,2025-07-07T14:44:56-07:00,support,very_negative,The user experienced account deactivation without notice and fund withholding.,[],True,
486,Kango3000,5.0,2025-07-07T08:37:04-07:00,support,very_positive,The seller is highly satisfied with the services provided.,[],False,
487,Pink &blue,1.0,2025-07-07T08:26:03-07:00,support,very_negative,The user is frustrated with Square's customer service and the decision to hold their funds.,[],True,
488,PlanFresh,1.0,2025-07-07T05:41:39-07:00,reliability,negative,The system is mostly reliable but has occasional downtime that affects online ordering.,['online ordering'],True,
489,Baby Christain,5.0,2025-07-06T13:55:27-07:00,ease-of-use,very_positive,The app is easy to use for both the business and its customers.,[],False,
490,JackMah37,5.0,2025-07-06T11:04:58-07:00,features,very_positive,Square is essential for small businesses to stay organized and manage transactions securely.,"['secure payment platform', 'professional appearance']",False,
491,BrMarcante,1.0,2025-07-05T06:18:58-07:00,ease-of-use,very_negative,The review criticizes the excessive number of questions required to process a credit card.,[],True,
492,Dunnsrus,5.0,2025-07-05T04:16:05-07:00,ease-of-use,very_positive,The user finds Square to be awesome.,[],False,
493,JPZ479,1.0,2025-07-04T15:45:20-07:00,support,very_negative,The reviewer feels that the service is poor and that customer support is lacking.,[],True,
494,Super kitty to the rescue,1.0,2025-07-03T14:09:31-07:00,support,very_negative,The customer feels unsupported and unsafe while trying to use Square's cash deposit services.,"['cash deposit locations', 'customer service', 'refund process', 'Square debit card']",True,
495,eclectic fruity crafts,1.0,2025-07-02T18:43:50-07:00,support,very_negative,"The seller faced significant issues with account deactivation and poor customer service, leading to frustration over lost funds.","['point of sale card machine', 'customer service']",True,
496,Custom auto body,1.0,2025-07-02T18:35:19-07:00,support,very_negative,"The user experienced account deactivation and a significant financial loss, leading to a strong recommendation against the app.",[],True,
497,Dillon Cummings,1.0,2025-07-02T18:07:23-07:00,support,very_negative,"The user experienced account deactivation and poor support from Square, leading to a loss of funds.",[],True,
498,Desdepuertorico,1.0,2025-07-02T14:40:59-07:00,support,very_negative,The seller experienced account deactivation and loss of access to important business information.,[],True,
499,0628 021,5.0,2025-07-02T05:26:11-07:00,other,very_positive,The reviewer is highly satisfied with the service.,[],False,
